<?xml version="1.0"?><MD_Metadata xmlns="http://www.isotc211.org/2005/gmd" xmlns:gco="http://www.isotc211.org/2005/gco" xmlns:gml="http://www.opengis.net/gml" xmlns:xlink="http://www.w3.org/1999/xlink" xmlns:xsi="http://www.w3.org/2001/XMLSchema-instance" xsi:schemaLocation="http://www.isotc211.org/2005/gmd http://audi01/isotc211/2005/gmd/metadataEntity.xsd http://audi01/isotc211/2005/gmd/metadataExtension.xsd">
<fileIdentifier><gco:CharacterString>{2B1E78CE-E900-37DE-8C70-BE8FCD3CC1EC}</gco:CharacterString></fileIdentifier>
<language><gco:CharacterString>English</gco:CharacterString></language>
<lastUpdatedDateStamp><gco:Date>2017-12-04 18:46:00.0</gco:Date></lastUpdatedDateStamp>
<createdDateStamp><gco:Date>2017-12-04 00:00:00.0</gco:Date></createdDateStamp>
<contact>
<CI_ResponsibleParty>
<individualName>
<gco:CharacterString>Lee Ren Huan</gco:CharacterString></individualName>
<organisationName><gco:CharacterString>LAND TRANSPORT AUTHORITY</gco:CharacterString></organisationName>
<positionName><gco:CharacterString>Point of Contact</gco:CharacterString></positionName>
<contactInfo>
<CI_Contact>
<phone>
<CI_Telephone>
<voice><gco:CharacterString>63328172</gco:CharacterString></voice>
<facsimile><gco:CharacterString></gco:CharacterString></facsimile>
</CI_Telephone>
</phone>
<address>
<CI_Address>
<deliveryPoint><gco:CharacterString>181 River Valley Road</gco:CharacterString></deliveryPoint>
<city><gco:CharacterString>Singapore</gco:CharacterString></city>
<administrativeArea><gco:CharacterString>Singapore</gco:CharacterString></administrativeArea>
<postalCode><gco:CharacterString>179034</gco:CharacterString></postalCode>
<country><gco:CharacterString>Singapore</gco:CharacterString></country>
<electronicMailAddress><gco:CharacterString>lee_ren_huan@lta.gov.sg</gco:CharacterString></electronicMailAddress>
</CI_Address>
</address>
</CI_Contact>
</contactInfo>
<role>
<CI_RoleCode></CI_RoleCode>
</role>
</CI_ResponsibleParty>
</contact>
<contact>
<CI_ResponsibleParty>
<individualName>
<gco:CharacterString>Jackson Ng Kwang Hui (Huang Guanghui)</gco:CharacterString></individualName>
<organisationName><gco:CharacterString>LAND TRANSPORT AUTHORITY</gco:CharacterString></organisationName>
<positionName><gco:CharacterString>Point of Contact</gco:CharacterString></positionName>
<contactInfo>
<CI_Contact>
<phone>
<CI_Telephone>
<voice><gco:CharacterString>65852704</gco:CharacterString></voice>
<facsimile><gco:CharacterString></gco:CharacterString></facsimile>
</CI_Telephone>
</phone>
<address>
<CI_Address>
<deliveryPoint><gco:CharacterString>1 Hamsphire Road</gco:CharacterString></deliveryPoint>
<city><gco:CharacterString>Singapore</gco:CharacterString></city>
<administrativeArea><gco:CharacterString>Singapore</gco:CharacterString></administrativeArea>
<postalCode><gco:CharacterString>219428</gco:CharacterString></postalCode>
<country><gco:CharacterString>Singapore</gco:CharacterString></country>
<electronicMailAddress><gco:CharacterString>jackson_ng@lta.gov.sg</gco:CharacterString></electronicMailAddress>
</CI_Address>
</address>
</CI_Contact>
</contactInfo>
<role>
<CI_RoleCode></CI_RoleCode>
</role>
</CI_ResponsibleParty>
</contact>
<metadataStandardName><gco:CharacterString>ISO 19139/19115/19157 Metadata for Datasets</gco:CharacterString></metadataStandardName>
<metadataStandardVersion><gco:CharacterString>1.0</gco:CharacterString></metadataStandardVersion>
<spatialRepresentationInfo>
<MD_VectorSpatialRepresentation>
<topologyLevel>
<MD_TopologyLevelCode></MD_TopologyLevelCode>
</topologyLevel>
<geometricObjects>
<MD_GeometricObjects>
<geometricObjectType>
<MD_GeometricObjectTypeCode></MD_GeometricObjectTypeCode>
</geometricObjectType>
<geometricObjectCount><gco:Integer>76</gco:Integer></geometricObjectCount>
</MD_GeometricObjects>
</geometricObjects>
</MD_VectorSpatialRepresentation>
</spatialRepresentationInfo>
<referenceSystemInfo>
<MD_ReferenceSystem>
<referenceSystemIdentifier>
<RS_Identifier>
<code><gco:CharacterString>SVY21</gco:CharacterString></code>
<codeSpace> <gco:CharacterString /></codeSpace>
</RS_Identifier>
</referenceSystemIdentifier>
</MD_ReferenceSystem>
</referenceSystemInfo>
<metadataExtensionInfo>
<MD_MetadataExtensionInformation>
<extensionOnLineResource>
<CI_OnlineResource>
<linkage><URL /></linkage>
<protocol><gco:CharacterString /></protocol>
<name><gco:CharacterString/></name>
<description><gco:CharacterString /></description>
</CI_OnlineResource>
</extensionOnLineResource>
<entityName><gco:CharacterString>GIS_EMAS_WEBCAM</gco:CharacterString></entityName>
<extendedElementInformation>
<MD_ExtendedElementInformation>
<name><gco:CharacterString>EQT_ID</gco:CharacterString></name>
<shortName><gco:CharacterString>Camera Identifier</gco:CharacterString></shortName>
<definition><gco:CharacterString></gco:CharacterString></definition>
<dataType><MD_DatatypeCode>VARCHAR2</MD_DatatypeCode></dataType>
<domainValue><gco:CharacterString></gco:CharacterString></domainValue>
<parentEntity><gco:CharacterString/></parentEntity>
<rule><gco:CharacterString/></rule>
<source>
<CI_ResponsibleParty>
<individualName><gco:CharacterString></gco:CharacterString></individualName>
<organisationName><gco:CharacterString></gco:CharacterString></organisationName>
<positionName><gco:CharacterString></gco:CharacterString></positionName>
<contactInfo>
<CI_Contact>
<phone>
<CI_Telephone>
<voice><gco:CharacterString></gco:CharacterString></voice>
<facsimile><gco:CharacterString></gco:CharacterString></facsimile>
</CI_Telephone>
</phone>
<address>
<CI_Address>
<deliveryPoint><gco:CharacterString></gco:CharacterString></deliveryPoint>
<city><gco:CharacterString></gco:CharacterString></city>
<administrativeArea><gco:CharacterString></gco:CharacterString></administrativeArea>
<postalCode><gco:CharacterString></gco:CharacterString></postalCode>
<country><gco:CharacterString></gco:CharacterString></country>
<electronicMailAddress><gco:CharacterString></gco:CharacterString></electronicMailAddress>
</CI_Address>
</address>
</CI_Contact>
</contactInfo>
<role>
<CI_RoleCode></CI_RoleCode>
</role>
</CI_ResponsibleParty>
</source>
</MD_ExtendedElementInformation>
</extendedElementInformation>
<extendedElementInformation>
<MD_ExtendedElementInformation>
<name><gco:CharacterString>X</gco:CharacterString></name>
<shortName><gco:CharacterString>X</gco:CharacterString></shortName>
<definition><gco:CharacterString></gco:CharacterString></definition>
<dataType><MD_DatatypeCode>NUMBER</MD_DatatypeCode></dataType>
<domainValue><gco:CharacterString></gco:CharacterString></domainValue>
<parentEntity><gco:CharacterString/></parentEntity>
<rule><gco:CharacterString/></rule>
<source>
<CI_ResponsibleParty>
<individualName><gco:CharacterString></gco:CharacterString></individualName>
<organisationName><gco:CharacterString></gco:CharacterString></organisationName>
<positionName><gco:CharacterString></gco:CharacterString></positionName>
<contactInfo>
<CI_Contact>
<phone>
<CI_Telephone>
<voice><gco:CharacterString></gco:CharacterString></voice>
<facsimile><gco:CharacterString></gco:CharacterString></facsimile>
</CI_Telephone>
</phone>
<address>
<CI_Address>
<deliveryPoint><gco:CharacterString></gco:CharacterString></deliveryPoint>
<city><gco:CharacterString></gco:CharacterString></city>
<administrativeArea><gco:CharacterString></gco:CharacterString></administrativeArea>
<postalCode><gco:CharacterString></gco:CharacterString></postalCode>
<country><gco:CharacterString></gco:CharacterString></country>
<electronicMailAddress><gco:CharacterString></gco:CharacterString></electronicMailAddress>
</CI_Address>
</address>
</CI_Contact>
</contactInfo>
<role>
<CI_RoleCode></CI_RoleCode>
</role>
</CI_ResponsibleParty>
</source>
</MD_ExtendedElementInformation>
</extendedElementInformation>
<extendedElementInformation>
<MD_ExtendedElementInformation>
<name><gco:CharacterString>Y</gco:CharacterString></name>
<shortName><gco:CharacterString>Y</gco:CharacterString></shortName>
<definition><gco:CharacterString></gco:CharacterString></definition>
<dataType><MD_DatatypeCode>NUMBER</MD_DatatypeCode></dataType>
<domainValue><gco:CharacterString></gco:CharacterString></domainValue>
<parentEntity><gco:CharacterString/></parentEntity>
<rule><gco:CharacterString/></rule>
<source>
<CI_ResponsibleParty>
<individualName><gco:CharacterString></gco:CharacterString></individualName>
<organisationName><gco:CharacterString></gco:CharacterString></organisationName>
<positionName><gco:CharacterString></gco:CharacterString></positionName>
<contactInfo>
<CI_Contact>
<phone>
<CI_Telephone>
<voice><gco:CharacterString></gco:CharacterString></voice>
<facsimile><gco:CharacterString></gco:CharacterString></facsimile>
</CI_Telephone>
</phone>
<address>
<CI_Address>
<deliveryPoint><gco:CharacterString></gco:CharacterString></deliveryPoint>
<city><gco:CharacterString></gco:CharacterString></city>
<administrativeArea><gco:CharacterString></gco:CharacterString></administrativeArea>
<postalCode><gco:CharacterString></gco:CharacterString></postalCode>
<country><gco:CharacterString></gco:CharacterString></country>
<electronicMailAddress><gco:CharacterString></gco:CharacterString></electronicMailAddress>
</CI_Address>
</address>
</CI_Contact>
</contactInfo>
<role>
<CI_RoleCode></CI_RoleCode>
</role>
</CI_ResponsibleParty>
</source>
</MD_ExtendedElementInformation>
</extendedElementInformation>
</MD_MetadataExtensionInformation>
</metadataExtensionInfo>
<identificationInfo>
<MD_DataIdentification>
<presentationForm><gco:CharacterString></gco:CharacterString></presentationForm>
<seriesName><gco:CharacterString></gco:CharacterString></seriesName>
<issueIdentification><gco:CharacterString></gco:CharacterString></issueIdentification>
<publicationPlace><gco:CharacterString></gco:CharacterString></publicationPlace>
<publisher><gco:CharacterString>LAND TRANSPORT AUTHORITY</gco:CharacterString></publisher>
<otherCitationDetails><gco:CharacterString></gco:CharacterString></otherCitationDetails>
<status><gco:CharacterString></gco:CharacterString></status>
<scale><gco:CharacterString>0</gco:CharacterString></scale>
<citation>
<CI_Citation>
<title><gco:CharacterString>LTA EMAS Web Cameras</gco:CharacterString></title>
<date>
<CI_Date>
<date><gco:Date>2017-11-20 00:00:00.0</gco:Date></date>
<dateType><CI_DateTypeCode></CI_DateTypeCode></dateType>
</CI_Date>
</date>
</CI_Citation>
</citation>
<abstract><gco:CharacterString>Installed along expressways</gco:CharacterString></abstract>
<purpose><gco:CharacterString></gco:CharacterString></purpose>
<status><MD_ProgressCode></MD_ProgressCode></status>
<pointOfContact>
<CI_ResponsibleParty>
<individualName><gco:CharacterString>Lee Ren Huan</gco:CharacterString></individualName>
<organisationName><gco:CharacterString>LAND TRANSPORT AUTHORITY</gco:CharacterString></organisationName>
<positionName><gco:CharacterString>Point of Contact</gco:CharacterString></positionName>
<contactInfo>
<CI_Contact>
<phone>
<CI_Telephone>
<voice><gco:CharacterString>63328172</gco:CharacterString></voice>
<facsimile><gco:CharacterString></gco:CharacterString></facsimile>
</CI_Telephone>
</phone>
<address>
<CI_Address>
<deliveryPoint><gco:CharacterString>181 River Valley Road</gco:CharacterString></deliveryPoint>
<city><gco:CharacterString>Singapore</gco:CharacterString></city>
<administrativeArea><gco:CharacterString>Singapore</gco:CharacterString></administrativeArea>
<postalCode><gco:CharacterString>179034</gco:CharacterString></postalCode>
<country><gco:CharacterString></gco:CharacterString></country>
<electronicMailAddress><gco:CharacterString>lee_ren_huan@lta.gov.sg</gco:CharacterString></electronicMailAddress>
</CI_Address>
</address>
<onlineResource>
<CI_OnlineResource>
<linkage>
<URL></URL>
</linkage>
</CI_OnlineResource>
<CI_GetCapabilitiesResource>
<linkage>
<URL></URL>
</linkage>
</CI_GetCapabilitiesResource>
</onlineResource>
</CI_Contact>
</contactInfo>
<role>
<CI_RoleCode></CI_RoleCode>
</role>
</CI_ResponsibleParty>
</pointOfContact>
<pointOfContact>
<CI_ResponsibleParty>
<individualName><gco:CharacterString>Jackson Ng Kwang Hui (Huang Guanghui)</gco:CharacterString></individualName>
<organisationName><gco:CharacterString>LAND TRANSPORT AUTHORITY</gco:CharacterString></organisationName>
<positionName><gco:CharacterString>Point of Contact</gco:CharacterString></positionName>
<contactInfo>
<CI_Contact>
<phone>
<CI_Telephone>
<voice><gco:CharacterString>65852704</gco:CharacterString></voice>
<facsimile><gco:CharacterString></gco:CharacterString></facsimile>
</CI_Telephone>
</phone>
<address>
<CI_Address>
<deliveryPoint><gco:CharacterString>1 Hamsphire Road</gco:CharacterString></deliveryPoint>
<city><gco:CharacterString>Singapore</gco:CharacterString></city>
<administrativeArea><gco:CharacterString>Singapore</gco:CharacterString></administrativeArea>
<postalCode><gco:CharacterString>219428</gco:CharacterString></postalCode>
<country><gco:CharacterString></gco:CharacterString></country>
<electronicMailAddress><gco:CharacterString>jackson_ng@lta.gov.sg</gco:CharacterString></electronicMailAddress>
</CI_Address>
</address>
<onlineResource>
<CI_OnlineResource>
<linkage>
<URL></URL>
</linkage>
</CI_OnlineResource>
<CI_GetCapabilitiesResource>
<linkage>
<URL></URL>
</linkage>
</CI_GetCapabilitiesResource>
</onlineResource>
</CI_Contact>
</contactInfo>
<role>
<CI_RoleCode></CI_RoleCode>
</role>
</CI_ResponsibleParty>
</pointOfContact>
<resourceMaintenance>
<MD_MaintenanceInformation>
<maintenanceAndUpdateFrequency>
<MD_MaintenanceFrequencyCode>As Needed</MD_MaintenanceFrequencyCode>
</maintenanceAndUpdateFrequency>
</MD_MaintenanceInformation>
</resourceMaintenance>
<graphicOverview>
<MD_BrowseGraphic>
<fileType><gco:CharacterString></gco:CharacterString></fileType>
<fileName><gco:CharacterString></gco:CharacterString></fileName>
</MD_BrowseGraphic>
</graphicOverview>
<descriptiveKeywords>
<MD_Keywords>
<keyword><gco:CharacterString>EMAS, CCTV, Cameras, LTA, NSMI, sensors, CCTVs</gco:CharacterString></keyword>
<type>
<MD_KeywordTypeCode></MD_KeywordTypeCode>
</type>
</MD_Keywords>
</descriptiveKeywords>
<resourceConstraints>
<MD_LegalConstraints>
<accessLevelConstraints>
<MD_RestrictionCode>Downloadable(Both)</MD_RestrictionCode>
</accessLevelConstraints>
<accessConstraints>
<MD_RestrictionCode>
Restricted</MD_RestrictionCode>
</accessConstraints>
<useConstraints>
<MD_RestrictionCode>Restricted</MD_RestrictionCode>
</useConstraints>
<otherConstraints>
<gco:CharacterString>Do not Publish on Data.gov.sg</gco:CharacterString></otherConstraints>
</MD_LegalConstraints>
</resourceConstraints>
<resourceConstraints>
<MD_SecurityConstraints>
<classification>
<MD_ClassificationCode>Unclassified - 4</MD_ClassificationCode>
</classification>
</MD_SecurityConstraints>
</resourceConstraints>
<resourceConstraints>
<MD_Constraints>
<useLimitation><gco:CharacterString></gco:CharacterString></useLimitation>
</MD_Constraints>
</resourceConstraints>
<spatialRepresentationType>
<MD_SpatialRepresentationTypeCode>Vector</MD_SpatialRepresentationTypeCode>
</spatialRepresentationType>
<spatialResolution>
<MD_Resolution>
<distance><gco:Distance></gco:Distance></distance>
</MD_Resolution>
</spatialResolution>
<language><gco:CharacterString>English</gco:CharacterString></language>
<topicCategory>
<MD_TopicCategoryCode>Location</MD_TopicCategoryCode>
</topicCategory>
<extent>
<EX_Extent>
<geographicElement>
<EX_GeographicBoundingBox>
<westBoundLongitude><gco:Decimal>103.59897</gco:Decimal></westBoundLongitude>
<eastBoundLongitude><gco:Decimal>104.09751</gco:Decimal></eastBoundLongitude>
<southBoundLatitude><gco:Decimal>1.150361</gco:Decimal></southBoundLatitude>
<northBoundLatitude><gco:Decimal>1.477406</gco:Decimal></northBoundLatitude>
</EX_GeographicBoundingBox>
</geographicElement>
</EX_Extent>
</extent>
<spatialRepresentationInfo>
<MD_VectorSpatialRepresentation>
<geometricObjects>
<MD_GeometricObjects>
<geometricObjectType><gco:CharacterString>Point</gco:CharacterString></geometricObjectType>
<geometryUploadedDate><gco:Date>2017-12-05 09:20:56.0</gco:Date></geometryUploadedDate>
</MD_GeometricObjects></geometricObjects>
<dimensionCount><gco:Integer>0</gco:Integer></dimensionCount>
<dimensionName><gco:CharacterString></gco:CharacterString></dimensionName>
<dimensionSize><gco:Integer>0.0</gco:Integer></dimensionSize>
<resolution><gco:Integer>0.0</gco:Integer></resolution>
<cellGeometry><gco:CharacterString>0</gco:CharacterString></cellGeometry>
<transformationParameter><gco:CharacterString>0</gco:CharacterString></transformationParameter>
</MD_VectorSpatialRepresentation>
</spatialRepresentationInfo>
</MD_DataIdentification>
</identificationInfo>
<distributionInfo>
<MD_Distribution>
<distributionFormat>
<MD_Format>
<name><gco:CharacterString></gco:CharacterString></name>
<version><gco:CharacterString></gco:CharacterString></version>
</MD_Format>
</distributionFormat>
<distributor>
<MD_Distributor>
<distributorContact>
<CI_ResponsibleParty>
<individualName><gco:CharacterString>Lee Ren Huan</gco:CharacterString></individualName>
<organisationName><gco:CharacterString>LAND TRANSPORT AUTHORITY</gco:CharacterString></organisationName>
<positionName><gco:CharacterString></gco:CharacterString></positionName>
<role>
<CI_RoleCode>Point Of Contact</CI_RoleCode>
</role>
<contactInfo>
<CI_Contact>
<phone>
<CI_Telephone>
<voice><gco:CharacterString>63328172</gco:CharacterString></voice>
<facsimile><gco:CharacterString></gco:CharacterString></facsimile>
</CI_Telephone>
</phone>
<address>
<CI_Address>
<deliveryPoint><gco:CharacterString>181 River Valley Road</gco:CharacterString></deliveryPoint>
<city><gco:CharacterString>Singapore</gco:CharacterString></city>
<administrativeArea><gco:CharacterString>Singapore</gco:CharacterString></administrativeArea>
<postalCode><gco:CharacterString>179034</gco:CharacterString></postalCode>
<country><gco:CharacterString>Singapore</gco:CharacterString></country>
<electronicMailAddress><gco:CharacterString>lee_ren_huan@lta.gov.sg</gco:CharacterString></electronicMailAddress>
</CI_Address>
</address>
</CI_Contact>
</contactInfo>
</CI_ResponsibleParty>
</distributorContact>
</MD_Distributor>
</distributor>
<transferOptions>
<MD_DigitalTransferOptions>
<onLine>
<CI_OnlineResource>
<linkage>
<URL></URL>
</linkage>
<function>
<CI_OnLineFunctionCode></CI_OnLineFunctionCode>
</function>
</CI_OnlineResource>
</onLine>
</MD_DigitalTransferOptions>
</transferOptions>
</MD_Distribution>
</distributionInfo>
<distributionInfo>
<MD_Distribution>
<distributionFormat>
<MD_Format>
<name><gco:CharacterString></gco:CharacterString></name>
<version><gco:CharacterString></gco:CharacterString></version>
</MD_Format>
</distributionFormat>
<distributor>
<MD_Distributor>
<distributorContact>
<CI_ResponsibleParty>
<individualName><gco:CharacterString>Jackson Ng Kwang Hui (Huang Guanghui)</gco:CharacterString></individualName>
<organisationName><gco:CharacterString>LAND TRANSPORT AUTHORITY</gco:CharacterString></organisationName>
<positionName><gco:CharacterString></gco:CharacterString></positionName>
<role>
<CI_RoleCode>Point Of Contact</CI_RoleCode>
</role>
<contactInfo>
<CI_Contact>
<phone>
<CI_Telephone>
<voice><gco:CharacterString>65852704</gco:CharacterString></voice>
<facsimile><gco:CharacterString></gco:CharacterString></facsimile>
</CI_Telephone>
</phone>
<address>
<CI_Address>
<deliveryPoint><gco:CharacterString>1 Hamsphire Road</gco:CharacterString></deliveryPoint>
<city><gco:CharacterString>Singapore</gco:CharacterString></city>
<administrativeArea><gco:CharacterString>Singapore</gco:CharacterString></administrativeArea>
<postalCode><gco:CharacterString>219428</gco:CharacterString></postalCode>
<country><gco:CharacterString>Singapore</gco:CharacterString></country>
<electronicMailAddress><gco:CharacterString>jackson_ng@lta.gov.sg</gco:CharacterString></electronicMailAddress>
</CI_Address>
</address>
</CI_Contact>
</contactInfo>
</CI_ResponsibleParty>
</distributorContact>
</MD_Distributor>
</distributor>
<transferOptions>
<MD_DigitalTransferOptions>
<onLine>
<CI_OnlineResource>
<linkage>
<URL></URL>
</linkage>
<function>
<CI_OnLineFunctionCode></CI_OnLineFunctionCode>
</function>
</CI_OnlineResource>
</onLine>
</MD_DigitalTransferOptions>
</transferOptions>
</MD_Distribution>
</distributionInfo>
<dataQualityInfo>
<DQ_DataQuality>
<scope>
<DQ_Scope>
<level>
<MD_ScopeCode>Attribute</MD_ScopeCode>
</level>
</DQ_Scope>
</scope>
<lineage>
<LI_Lineage>
<statement><gco:CharacterString>NA</gco:CharacterString></statement>
</LI_Lineage>
</lineage>
</DQ_DataQuality>
</dataQualityInfo>
<searchType>all</searchType>
</MD_Metadata>