<?xml version="1.0"?><MD_Metadata xmlns="http://www.isotc211.org/2005/gmd" xmlns:gco="http://www.isotc211.org/2005/gco" xmlns:gml="http://www.opengis.net/gml" xmlns:xlink="http://www.w3.org/1999/xlink" xmlns:xsi="http://www.w3.org/2001/XMLSchema-instance" xsi:schemaLocation="http://www.isotc211.org/2005/gmd http://audi01/isotc211/2005/gmd/metadataEntity.xsd http://audi01/isotc211/2005/gmd/metadataExtension.xsd">
<fileIdentifier><gco:CharacterString>{A064B3A5-05CD-39A4-9B19-7BE8DE999F1E}</gco:CharacterString></fileIdentifier>
<language><gco:CharacterString>English</gco:CharacterString></language>
<lastUpdatedDateStamp><gco:Date>2018-02-20 16:08:00.0</gco:Date></lastUpdatedDateStamp>
<createdDateStamp><gco:Date>2017-12-18 00:00:00.0</gco:Date></createdDateStamp>
<contact>
<CI_ResponsibleParty>
<individualName>
<gco:CharacterString>Nguyen Khac Tien Phuoc</gco:CharacterString></individualName>
<organisationName><gco:CharacterString>PUBLIC UTILITIES BOARD</gco:CharacterString></organisationName>
<positionName><gco:CharacterString>Point of Contact</gco:CharacterString></positionName>
<contactInfo>
<CI_Contact>
<phone>
<CI_Telephone>
<voice><gco:CharacterString>67313843</gco:CharacterString></voice>
<facsimile><gco:CharacterString></gco:CharacterString></facsimile>
</CI_Telephone>
</phone>
<address>
<CI_Address>
<deliveryPoint><gco:CharacterString></gco:CharacterString></deliveryPoint>
<city><gco:CharacterString></gco:CharacterString></city>
<administrativeArea><gco:CharacterString></gco:CharacterString></administrativeArea>
<postalCode><gco:CharacterString></gco:CharacterString></postalCode>
<country><gco:CharacterString>Singapore</gco:CharacterString></country>
<electronicMailAddress><gco:CharacterString>nguyen_khac_tien_phuoc@pub.gov.sg</gco:CharacterString></electronicMailAddress>
</CI_Address>
</address>
</CI_Contact>
</contactInfo>
<role>
<CI_RoleCode></CI_RoleCode>
</role>
</CI_ResponsibleParty>
</contact>
<metadataStandardName><gco:CharacterString>ISO 19139/19115/19157 Metadata for Datasets</gco:CharacterString></metadataStandardName>
<metadataStandardVersion><gco:CharacterString>1.0</gco:CharacterString></metadataStandardVersion>
<spatialRepresentationInfo>
<MD_VectorSpatialRepresentation>
<topologyLevel>
<MD_TopologyLevelCode></MD_TopologyLevelCode>
</topologyLevel>
<geometricObjects>
<MD_GeometricObjects>
<geometricObjectType>
<MD_GeometricObjectTypeCode><gco:CharacterString>Point</gco:CharacterString></MD_GeometricObjectTypeCode>
</geometricObjectType>
<geometricObjectCount><gco:Integer>230</gco:Integer></geometricObjectCount>
</MD_GeometricObjects>
</geometricObjects>
</MD_VectorSpatialRepresentation>
</spatialRepresentationInfo>
<referenceSystemInfo>
<MD_ReferenceSystem>
<referenceSystemIdentifier>
<RS_Identifier>
<code><gco:CharacterString>SVY21</gco:CharacterString></code>
<codeSpace> <gco:CharacterString /></codeSpace>
</RS_Identifier>
</referenceSystemIdentifier>
</MD_ReferenceSystem>
</referenceSystemInfo>
<metadataExtensionInfo>
<MD_MetadataExtensionInformation>
<extensionOnLineResource>
<CI_OnlineResource>
<linkage><URL /></linkage>
<protocol><gco:CharacterString /></protocol>
<name><gco:CharacterString/></name>
<description><gco:CharacterString /></description>
</CI_OnlineResource>
</extensionOnLineResource>
<entityName><gco:CharacterString>PUB_WaterLevelSensors</gco:CharacterString></entityName>
<extendedElementInformation>
<MD_ExtendedElementInformation>
<name><gco:CharacterString>STATION_NAME</gco:CharacterString></name>
<shortName><gco:CharacterString>STATION_NAME</gco:CharacterString></shortName>
<onemapName><gco:CharacterString>DESCRIPTION</gco:CharacterString></onemapName>
<showOnCallOut><gco:CharacterString>Y</gco:CharacterString></showOnCallOut>
<showOnMouseOver><gco:CharacterString>N</gco:CharacterString></showOnMouseOver>
<searchField><gco:CharacterString>Y</gco:CharacterString></searchField>
<mandatoryField><gco:CharacterString>Y</gco:CharacterString></mandatoryField>
<definition><gco:CharacterString>Name of the water level sensor station</gco:CharacterString></definition>
<dataType><MD_DatatypeCode>VARCHAR2</MD_DatatypeCode></dataType>
<domainValue><gco:CharacterString></gco:CharacterString></domainValue>
<parentEntity><gco:CharacterString/></parentEntity>
<rule><gco:CharacterString/></rule>
<source>
<CI_ResponsibleParty>
<individualName><gco:CharacterString></gco:CharacterString></individualName>
<organisationName><gco:CharacterString>PUBLIC UTILITIES BOARD</gco:CharacterString></organisationName>
<positionName><gco:CharacterString></gco:CharacterString></positionName>
<contactInfo>
<CI_Contact>
<phone>
<CI_Telephone>
<voice><gco:CharacterString>67313843</gco:CharacterString></voice>
<facsimile><gco:CharacterString></gco:CharacterString></facsimile>
</CI_Telephone>
</phone>
<address>
<CI_Address>
<deliveryPoint><gco:CharacterString></gco:CharacterString></deliveryPoint>
<city><gco:CharacterString></gco:CharacterString></city>
<administrativeArea><gco:CharacterString></gco:CharacterString></administrativeArea>
<postalCode><gco:CharacterString></gco:CharacterString></postalCode>
<country><gco:CharacterString></gco:CharacterString></country>
<electronicMailAddress><gco:CharacterString></gco:CharacterString></electronicMailAddress>
</CI_Address>
</address>
</CI_Contact>
</contactInfo>
<role>
<CI_RoleCode>Point of Contact</CI_RoleCode>
</role>
</CI_ResponsibleParty>
</source>
</MD_ExtendedElementInformation>
</extendedElementInformation>
<extendedElementInformation>
<MD_ExtendedElementInformation>
<name><gco:CharacterString>X</gco:CharacterString></name>
<shortName><gco:CharacterString>X</gco:CharacterString></shortName>
<onemapName><gco:CharacterString></gco:CharacterString></onemapName>
<showOnCallOut><gco:CharacterString>N</gco:CharacterString></showOnCallOut>
<showOnMouseOver><gco:CharacterString>N</gco:CharacterString></showOnMouseOver>
<searchField><gco:CharacterString>N</gco:CharacterString></searchField>
<mandatoryField><gco:CharacterString>N</gco:CharacterString></mandatoryField>
<definition><gco:CharacterString>X coordinate of the water level sensor station</gco:CharacterString></definition>
<dataType><MD_DatatypeCode>DOUBLE</MD_DatatypeCode></dataType>
<domainValue><gco:CharacterString></gco:CharacterString></domainValue>
<parentEntity><gco:CharacterString/></parentEntity>
<rule><gco:CharacterString/></rule>
<source>
<CI_ResponsibleParty>
<individualName><gco:CharacterString></gco:CharacterString></individualName>
<organisationName><gco:CharacterString>PUBLIC UTILITIES BOARD</gco:CharacterString></organisationName>
<positionName><gco:CharacterString></gco:CharacterString></positionName>
<contactInfo>
<CI_Contact>
<phone>
<CI_Telephone>
<voice><gco:CharacterString>67313843</gco:CharacterString></voice>
<facsimile><gco:CharacterString></gco:CharacterString></facsimile>
</CI_Telephone>
</phone>
<address>
<CI_Address>
<deliveryPoint><gco:CharacterString></gco:CharacterString></deliveryPoint>
<city><gco:CharacterString></gco:CharacterString></city>
<administrativeArea><gco:CharacterString></gco:CharacterString></administrativeArea>
<postalCode><gco:CharacterString></gco:CharacterString></postalCode>
<country><gco:CharacterString></gco:CharacterString></country>
<electronicMailAddress><gco:CharacterString></gco:CharacterString></electronicMailAddress>
</CI_Address>
</address>
</CI_Contact>
</contactInfo>
<role>
<CI_RoleCode>Point of Contact</CI_RoleCode>
</role>
</CI_ResponsibleParty>
</source>
</MD_ExtendedElementInformation>
</extendedElementInformation>
<extendedElementInformation>
<MD_ExtendedElementInformation>
<name><gco:CharacterString>Y</gco:CharacterString></name>
<shortName><gco:CharacterString>Y</gco:CharacterString></shortName>
<onemapName><gco:CharacterString></gco:CharacterString></onemapName>
<showOnCallOut><gco:CharacterString>N</gco:CharacterString></showOnCallOut>
<showOnMouseOver><gco:CharacterString>N</gco:CharacterString></showOnMouseOver>
<searchField><gco:CharacterString>N</gco:CharacterString></searchField>
<mandatoryField><gco:CharacterString>N</gco:CharacterString></mandatoryField>
<definition><gco:CharacterString>Y coordinate of the water level sensor station</gco:CharacterString></definition>
<dataType><MD_DatatypeCode>DOUBLE</MD_DatatypeCode></dataType>
<domainValue><gco:CharacterString></gco:CharacterString></domainValue>
<parentEntity><gco:CharacterString/></parentEntity>
<rule><gco:CharacterString/></rule>
<source>
<CI_ResponsibleParty>
<individualName><gco:CharacterString></gco:CharacterString></individualName>
<organisationName><gco:CharacterString>PUBLIC UTILITIES BOARD</gco:CharacterString></organisationName>
<positionName><gco:CharacterString></gco:CharacterString></positionName>
<contactInfo>
<CI_Contact>
<phone>
<CI_Telephone>
<voice><gco:CharacterString>67313843</gco:CharacterString></voice>
<facsimile><gco:CharacterString></gco:CharacterString></facsimile>
</CI_Telephone>
</phone>
<address>
<CI_Address>
<deliveryPoint><gco:CharacterString></gco:CharacterString></deliveryPoint>
<city><gco:CharacterString></gco:CharacterString></city>
<administrativeArea><gco:CharacterString></gco:CharacterString></administrativeArea>
<postalCode><gco:CharacterString></gco:CharacterString></postalCode>
<country><gco:CharacterString></gco:CharacterString></country>
<electronicMailAddress><gco:CharacterString></gco:CharacterString></electronicMailAddress>
</CI_Address>
</address>
</CI_Contact>
</contactInfo>
<role>
<CI_RoleCode>Point of Contact</CI_RoleCode>
</role>
</CI_ResponsibleParty>
</source>
</MD_ExtendedElementInformation>
</extendedElementInformation>
<extendedElementInformation>
<MD_ExtendedElementInformation>
<name><gco:CharacterString>STATION_ID</gco:CharacterString></name>
<shortName><gco:CharacterString>STATION_ID</gco:CharacterString></shortName>
<onemapName><gco:CharacterString>NAME</gco:CharacterString></onemapName>
<showOnCallOut><gco:CharacterString>N</gco:CharacterString></showOnCallOut>
<showOnMouseOver><gco:CharacterString>N</gco:CharacterString></showOnMouseOver>
<searchField><gco:CharacterString>N</gco:CharacterString></searchField>
<mandatoryField><gco:CharacterString>Y</gco:CharacterString></mandatoryField>
<definition><gco:CharacterString>ID of the water level sensor station</gco:CharacterString></definition>
<dataType><MD_DatatypeCode>VARCHAR2</MD_DatatypeCode></dataType>
<domainValue><gco:CharacterString></gco:CharacterString></domainValue>
<parentEntity><gco:CharacterString/></parentEntity>
<rule><gco:CharacterString/></rule>
<source>
<CI_ResponsibleParty>
<individualName><gco:CharacterString></gco:CharacterString></individualName>
<organisationName><gco:CharacterString>PUBLIC UTILITIES BOARD</gco:CharacterString></organisationName>
<positionName><gco:CharacterString></gco:CharacterString></positionName>
<contactInfo>
<CI_Contact>
<phone>
<CI_Telephone>
<voice><gco:CharacterString>67313843</gco:CharacterString></voice>
<facsimile><gco:CharacterString></gco:CharacterString></facsimile>
</CI_Telephone>
</phone>
<address>
<CI_Address>
<deliveryPoint><gco:CharacterString></gco:CharacterString></deliveryPoint>
<city><gco:CharacterString></gco:CharacterString></city>
<administrativeArea><gco:CharacterString></gco:CharacterString></administrativeArea>
<postalCode><gco:CharacterString></gco:CharacterString></postalCode>
<country><gco:CharacterString></gco:CharacterString></country>
<electronicMailAddress><gco:CharacterString></gco:CharacterString></electronicMailAddress>
</CI_Address>
</address>
</CI_Contact>
</contactInfo>
<role>
<CI_RoleCode>Point of Contact</CI_RoleCode>
</role>
</CI_ResponsibleParty>
</source>
</MD_ExtendedElementInformation>
</extendedElementInformation>
<extendedElementInformation>
<MD_ExtendedElementInformation>
<name><gco:CharacterString>HYPERLINK</gco:CharacterString></name>
<shortName><gco:CharacterString>HYPERLINK</gco:CharacterString></shortName>
<onemapName><gco:CharacterString>HYPERLINK</gco:CharacterString></onemapName>
<showOnCallOut><gco:CharacterString>N</gco:CharacterString></showOnCallOut>
<showOnMouseOver><gco:CharacterString>Y</gco:CharacterString></showOnMouseOver>
<searchField><gco:CharacterString>N</gco:CharacterString></searchField>
<mandatoryField><gco:CharacterString>N</gco:CharacterString></mandatoryField>
<definition><gco:CharacterString>Hyperlink to the water level sensor station website</gco:CharacterString></definition>
<dataType><MD_DatatypeCode>VARCHAR2</MD_DatatypeCode></dataType>
<domainValue><gco:CharacterString></gco:CharacterString></domainValue>
<parentEntity><gco:CharacterString/></parentEntity>
<rule><gco:CharacterString/></rule>
<source>
<CI_ResponsibleParty>
<individualName><gco:CharacterString></gco:CharacterString></individualName>
<organisationName><gco:CharacterString>PUBLIC UTILITIES BOARD</gco:CharacterString></organisationName>
<positionName><gco:CharacterString></gco:CharacterString></positionName>
<contactInfo>
<CI_Contact>
<phone>
<CI_Telephone>
<voice><gco:CharacterString>67313843</gco:CharacterString></voice>
<facsimile><gco:CharacterString></gco:CharacterString></facsimile>
</CI_Telephone>
</phone>
<address>
<CI_Address>
<deliveryPoint><gco:CharacterString></gco:CharacterString></deliveryPoint>
<city><gco:CharacterString></gco:CharacterString></city>
<administrativeArea><gco:CharacterString></gco:CharacterString></administrativeArea>
<postalCode><gco:CharacterString></gco:CharacterString></postalCode>
<country><gco:CharacterString></gco:CharacterString></country>
<electronicMailAddress><gco:CharacterString></gco:CharacterString></electronicMailAddress>
</CI_Address>
</address>
</CI_Contact>
</contactInfo>
<role>
<CI_RoleCode>Point of Contact</CI_RoleCode>
</role>
</CI_ResponsibleParty>
</source>
</MD_ExtendedElementInformation>
</extendedElementInformation>
</MD_MetadataExtensionInformation>
</metadataExtensionInfo>
<identificationInfo>
<MD_DataIdentification>
<presentationForm><gco:CharacterString></gco:CharacterString></presentationForm>
<seriesName><gco:CharacterString></gco:CharacterString></seriesName>
<issueIdentification><gco:CharacterString></gco:CharacterString></issueIdentification>
<publicationPlace><gco:CharacterString></gco:CharacterString></publicationPlace>
<publisher><gco:CharacterString>PUBLIC UTILITIES BOARD</gco:CharacterString></publisher>
<otherCitationDetails><gco:CharacterString></gco:CharacterString></otherCitationDetails>
<status><gco:CharacterString></gco:CharacterString></status>
<scale><gco:CharacterString>0</gco:CharacterString></scale>
<citation>
<CI_Citation>
<title><gco:CharacterString>PUB Water Level Sensors</gco:CharacterString></title>
<date>
<CI_Date>
<date><gco:Date>2017-12-18 00:00:00.0</gco:Date></date>
<dateType><CI_DateTypeCode>Creation</CI_DateTypeCode></dateType>
</CI_Date>
</date>
</CI_Citation>
</citation>
<abstract><gco:CharacterString>The PUB Water Level Sensors layer shows all the drain water level sensors around Singapore.</gco:CharacterString></abstract>
<purpose><gco:CharacterString></gco:CharacterString></purpose>
<status><MD_ProgressCode></MD_ProgressCode></status>
<pointOfContact>
<CI_ResponsibleParty>
<individualName><gco:CharacterString>Nguyen Khac Tien Phuoc</gco:CharacterString></individualName>
<organisationName><gco:CharacterString>PUBLIC UTILITIES BOARD</gco:CharacterString></organisationName>
<positionName><gco:CharacterString>Point of Contact</gco:CharacterString></positionName>
<contactInfo>
<CI_Contact>
<phone>
<CI_Telephone>
<voice><gco:CharacterString>67313843</gco:CharacterString></voice>
<facsimile><gco:CharacterString></gco:CharacterString></facsimile>
</CI_Telephone>
</phone>
<address>
<CI_Address>
<deliveryPoint><gco:CharacterString></gco:CharacterString></deliveryPoint>
<city><gco:CharacterString></gco:CharacterString></city>
<administrativeArea><gco:CharacterString></gco:CharacterString></administrativeArea>
<postalCode><gco:CharacterString></gco:CharacterString></postalCode>
<country><gco:CharacterString></gco:CharacterString></country>
<electronicMailAddress><gco:CharacterString>nguyen_khac_tien_phuoc@pub.gov.sg</gco:CharacterString></electronicMailAddress>
</CI_Address>
</address>
<onlineResource>
<CI_OnlineResource>
<linkage>
<URL></URL>
</linkage>
</CI_OnlineResource>
<CI_GetCapabilitiesResource>
<linkage>
<URL></URL>
</linkage>
</CI_GetCapabilitiesResource>
</onlineResource>
</CI_Contact>
</contactInfo>
<role>
<CI_RoleCode></CI_RoleCode>
</role>
</CI_ResponsibleParty>
</pointOfContact>
<resourceMaintenance>
<MD_MaintenanceInformation>
<maintenanceAndUpdateFrequency>
<MD_MaintenanceFrequencyCode>Biannually</MD_MaintenanceFrequencyCode>
</maintenanceAndUpdateFrequency>
</MD_MaintenanceInformation>
</resourceMaintenance>
<graphicOverview>
<MD_BrowseGraphic>
<fileType><gco:CharacterString></gco:CharacterString></fileType>
<fileName><gco:CharacterString></gco:CharacterString></fileName>
</MD_BrowseGraphic>
</graphicOverview>
<descriptiveKeywords>
<MD_Keywords>
<keyword><gco:CharacterString>water level, sensors, drain, drain water level sensors</gco:CharacterString></keyword>
<type>
<MD_KeywordTypeCode></MD_KeywordTypeCode>
</type>
</MD_Keywords>
</descriptiveKeywords>
<resourceConstraints>
<MD_LegalConstraints>
<accessLevelConstraints>
<MD_RestrictionCode>Downloadable(Both)</MD_RestrictionCode>
</accessLevelConstraints>
<accessConstraints>
<MD_RestrictionCode>
Copyright</MD_RestrictionCode>
</accessConstraints>
<useConstraints>
<MD_RestrictionCode>Copyright</MD_RestrictionCode>
</useConstraints>
<otherConstraints>
<gco:CharacterString>For Onemap Theme and to publish metadata and data in Data.gov.sg</gco:CharacterString></otherConstraints>
</MD_LegalConstraints>
</resourceConstraints>
<resourceConstraints>
<MD_SecurityConstraints>
<classification>
<MD_ClassificationCode>Unclassified - 4</MD_ClassificationCode>
</classification>
</MD_SecurityConstraints>
</resourceConstraints>
<resourceConstraints>
<MD_Constraints>
<useLimitation><gco:CharacterString></gco:CharacterString></useLimitation>
</MD_Constraints>
</resourceConstraints>
<spatialRepresentationType>
<MD_SpatialRepresentationTypeCode>Vector</MD_SpatialRepresentationTypeCode>
</spatialRepresentationType>
<spatialResolution>
<MD_Resolution>
<distance><gco:Distance></gco:Distance></distance>
</MD_Resolution>
</spatialResolution>
<language><gco:CharacterString>English</gco:CharacterString></language>
<topicCategory>
<MD_TopicCategoryCode>Environment</MD_TopicCategoryCode>
</topicCategory>
<extent>
<EX_Extent>
<geographicElement>
<EX_GeographicBoundingBox>
<westBoundLongitude><gco:Decimal>103.59897</gco:Decimal></westBoundLongitude>
<eastBoundLongitude><gco:Decimal>104.09751</gco:Decimal></eastBoundLongitude>
<southBoundLatitude><gco:Decimal>1.150361</gco:Decimal></southBoundLatitude>
<northBoundLatitude><gco:Decimal>1.477406</gco:Decimal></northBoundLatitude>
</EX_GeographicBoundingBox>
</geographicElement>
</EX_Extent>
</extent>
<spatialRepresentationInfo>
<MD_VectorSpatialRepresentation>
<geometricObjects>
<MD_GeometricObjects>
<geometricObjectType><gco:CharacterString>Point</gco:CharacterString></geometricObjectType>
<geometryUploadedDate><gco:Date>2020-06-01 16:00:47.0</gco:Date></geometryUploadedDate>
</MD_GeometricObjects></geometricObjects>
<dimensionCount><gco:Integer>0</gco:Integer></dimensionCount>
<dimensionName><gco:CharacterString></gco:CharacterString></dimensionName>
<dimensionSize><gco:Integer>0.0</gco:Integer></dimensionSize>
<resolution><gco:Integer>0.0</gco:Integer></resolution>
<cellGeometry><gco:CharacterString>0</gco:CharacterString></cellGeometry>
<transformationParameter><gco:CharacterString>0</gco:CharacterString></transformationParameter>
</MD_VectorSpatialRepresentation>
</spatialRepresentationInfo>
</MD_DataIdentification>
</identificationInfo>
<distributionInfo>
<MD_Distribution>
<distributionFormat>
<MD_Format>
<name><gco:CharacterString></gco:CharacterString></name>
<version><gco:CharacterString></gco:CharacterString></version>
</MD_Format>
</distributionFormat>
<distributor>
<MD_Distributor>
<distributorContact>
<CI_ResponsibleParty>
<individualName><gco:CharacterString>Nguyen Khac Tien Phuoc</gco:CharacterString></individualName>
<organisationName><gco:CharacterString>PUBLIC UTILITIES BOARD</gco:CharacterString></organisationName>
<positionName><gco:CharacterString></gco:CharacterString></positionName>
<role>
<CI_RoleCode>Point Of Contact</CI_RoleCode>
</role>
<contactInfo>
<CI_Contact>
<phone>
<CI_Telephone>
<voice><gco:CharacterString>67313843</gco:CharacterString></voice>
<facsimile><gco:CharacterString></gco:CharacterString></facsimile>
</CI_Telephone>
</phone>
<address>
<CI_Address>
<deliveryPoint><gco:CharacterString></gco:CharacterString></deliveryPoint>
<city><gco:CharacterString></gco:CharacterString></city>
<administrativeArea><gco:CharacterString></gco:CharacterString></administrativeArea>
<postalCode><gco:CharacterString></gco:CharacterString></postalCode>
<country><gco:CharacterString></gco:CharacterString></country>
<electronicMailAddress><gco:CharacterString>nguyen_khac_tien_phuoc@pub.gov.sg</gco:CharacterString></electronicMailAddress>
</CI_Address>
</address>
</CI_Contact>
</contactInfo>
</CI_ResponsibleParty>
</distributorContact>
</MD_Distributor>
</distributor>
<transferOptions>
<MD_DigitalTransferOptions>
<onLine>
<CI_OnlineResource>
<linkage>
<URL></URL>
</linkage>
<function>
<CI_OnLineFunctionCode></CI_OnLineFunctionCode>
</function>
</CI_OnlineResource>
</onLine>
</MD_DigitalTransferOptions>
</transferOptions>
</MD_Distribution>
</distributionInfo>
<dataQualityInfo>
<DQ_DataQuality>
<scope>
<DQ_Scope>
<level>
<MD_ScopeCode>Title</MD_ScopeCode>
</level>
</DQ_Scope>
</scope>
<lineage>
<LI_Lineage>
<statement><gco:CharacterString>Drain Water Level Sensors</gco:CharacterString></statement>
</LI_Lineage>
</lineage>
</DQ_DataQuality>
</dataQualityInfo>
<onemapInfo>
<publishDate>
<gco:CharacterString>2017-12-18 00:00:00.0</gco:CharacterString>
</publishDate>
<expiryDate>
<gco:CharacterString>2022-12-31 00:00:00.0</gco:CharacterString>
</expiryDate>
<displayPattern>
<gco:CharacterString>graphics</gco:CharacterString>
</displayPattern>
<symbologyFile>
<gco:CharacterString>PUB_WaterLevelSensors.lyr</gco:CharacterString>
</symbologyFile>
<imageFile>
<gco:CharacterString>Capture.PNG</gco:CharacterString>
</imageFile>
<onemapCategory>
<gco:CharacterString>Environment</gco:CharacterString>
</onemapCategory>
<borderWithRedColor>
<gco:CharacterString>N</gco:CharacterString>
</borderWithRedColor>
</onemapInfo>
<searchType>all</searchType>
<MD_PreferenceIndicator><gco:CharacterString>For Onemap Theme and to publish metadata and data in Data.gov.sg</gco:CharacterString></MD_PreferenceIndicator><baseUrl><gco:CharacterString>null</gco:CharacterString></baseUrl>
</MD_Metadata>